Workbook

Sheet Olympic Swimming (100s stroke)
A1: Olympic Times | B1: Olympic Athlete | C1: Team (Country)_OLY | D1: Year_OLY | E1: Olympioc Games | F1: Olympic Podium | G1: time_period | H1: Distance (meters) | I1: Stroke | J1: Gender | K1: Join Key_No Year | L1: Latest Record Year | M1: Final Join Key | N1: World Record Holder | O1: World Record Time | P1: Time Difference | Q1: WR Beaten?
A2: 52 | B2: Thomas Ceccon | C2: ITA | D2: 2024 | E2: Paris | F2: 1 | G2: recent | H2: 100 | I2: Backstroke | J2: Men | K2: =I2 & "-" & J2 -> Backstroke-Men | L2: =_xlfn.MAXIFS('[1]World Record_100 of strokes'!$D$2:$D$201, '[1]World Record_100 of strokes'!$H$2:$H$201, K2,'[1]World Record_100 of strokes'!$D$2:$D$201, "<=" & D2) -> 2022 | M2: =L2 & "-" & K2 -> 2022-Backstroke-Men | N2: =_xlfn.XLOOKUP(M2,'[1]World Record_100 of strokes'!$I$2:$I$201,'[1]World Record_100 of strokes'!$B$2:$B$201, "Not Found") -> Thomas Ceccon | O2: =_xlfn.XLOOKUP(M2,'[1]World Record_100 of strokes'!$I$2:$I$201,'[1]World Record_100 of strokes'!$A$2:$A$201, "Not Found") -> 51.6 | P2: =IF(O2="Not Found", "", A2 - O2) -> 0.4 | Q2: =IF(P2<=0,1,0) -> 0
A3: 52.32 | B3: Jiayu Xu | C3: CHN | D3: 2024 | E3: Paris | F3: 2 | G3: recent | H3: 100 | I3: Backstroke | J3: Men | K3: =I3 & "-" & J3 -> Backstroke-Men | L3: =_xlfn.MAXIFS('[1]World Record_100 of strokes'!$D$2:$D$201, '[1]World Record_100 of strokes'!$H$2:$H$201, K3,'[1]World Record_100 of strokes'!$D$2:$D$201, "<=" & D3) -> 2022 | M3: =L3 & "-" & K3 -> 2022-Backstroke-Men | N3: =_xlfn.XLOOKUP(M3,'[1]World Record_100 of strokes'!$I$2:$I$201,'[1]World Record_100 of strokes'!$B$2:$B$201, "Not Found") -> Thomas Ceccon | O3: =_xlfn.XLOOKUP(M3,'[1]World Record_100 of strokes'!$I$2:$I$201,'[1]World Record_100 of strokes'!$A$2:$A$201, "Not Found") -> 51.6 | P3: =IF(O3="Not Found", "", A3 - O3) -> 0.72 | Q3: =IF(P3<=0,1,0) -> 0
A4: 52.39 | B4: Ryan Murphy | C4: USA | D4: 2024 | E4: Paris | F4: 3 | G4: recent | H4: 100 | I4: Backstroke | J4: Men | K4: =I4 & "-" & J4 -> Backstroke-Men | L4: =_xlfn.MAXIFS('[1]World Record_100 of strokes'!$D$2:$D$201, '[1]World Record_100 of strokes'!$H$2:$H$201, K4,'[1]World Record_100 of strokes'!$D$2:$D$201, "<=" & D4) -> 2022 | M4: =L4 & "-" & K4 -> 2022-Backstroke-Men | N4: =_xlfn.XLOOKUP(M4,'[1]World Record_100 of strokes'!$I$2:$I$201,'[1]World Record_100 of strokes'!$B$2:$B$201, "Not Found") -> Thomas Ceccon | O4: =_xlfn.XLOOKUP(M4,'[1]World Record_100 of strokes'!$I$2:$I$201,'[1]World Record_100 of strokes'!$A$2:$A$201, "Not Found") -> 51.6 | P4: =IF(O4="Not Found", "", A4 - O4) -> 0.79 | Q4: =IF(P4<=0,1,0) -> 0
A5: 52.41 | B5: Apostolos Christou | C5: GRE | D5: 2024 | E5: Paris | F5: 4 | G5: recent | H5: 100 | I5: Backstroke | J5: Men | K5: =I5 & "-" & J5 -> Backstroke-Men | L5: =_xlfn.MAXIFS('[1]World Record_100 of strokes'!$D$2:$D$201, '[1]World Record_100 of strokes'!$H$2:$H$201, K5,'[1]World Record_100 of strokes'!$D$2:$D$201, "<=" & D5) -> 2022 | M5: =L5 & "-" & K5 -> 2022-Backstroke-Men | N5: =_xlfn.XLOOKUP(M5,'[1]World Record_100 of strokes'!$I$2:$I$201,'[1]World Record_100 of strokes'!$B$2:$B$201, "Not Found") -> Thomas Ceccon | O5: =_xlfn.XLOOKUP(M5,'[1]World Record_100 of strokes'!$I$2:$I$201,'[1]World Record_100 of strokes'!$A$2:$A$201, "Not Found") -> 51.6 | P5: =IF(O5="Not Found", "", A5 - O5) -> 0.81 | Q5: =IF(P5<=0,1,0) -> 0
A6: 52.58 | B6: Pieter Coetze | C6: RSA | D6: 2024 | E6: Paris | F6: 5 | G6: recent | H6: 100 | I6: Backstroke | J6: Men | K6: =I6 & "-" & J6 -> Backstroke-Men | L6: =_xlfn.MAXIFS('[1]World Record_100 of strokes'!$D$2:$D$201, '[1]World Record_100 of strokes'!$H$2:$H$201, K6,'[1]World Record_100 of strokes'!$D$2:$D$201, "<=" & D6) -> 2022 | M6: =L6 & "-" & K6 -> 2022-Backstroke-Men | N6: =_xlfn.XLOOKUP(M6,'[1]World Record_100 of strokes'!$I$2:$I$201,'[1]World Record_100 of strokes'!$B$2:$B$201, "Not Found") -> Thomas Ceccon | O6: =_xlfn.XLOOKUP(M6,'[1]World Record_100 of strokes'!$I$2:$I$201,'[1]World Record_100 of strokes'!$A$2:$A$201, "Not Found") -> 51.6 | P6: =IF(O6="Not Found", "", A6 - O6) -> 0.98 | Q6: =IF(P6<=0,1,0) -> 0
A7: 52.73 | B7: Hugo Gonzalez De Oliveira | C7: ESP | D7: 2024 | E7: Paris | F7: 6 | G7: recent | H7: 100 | I7: Backstroke | J7: Men | K7: =I7 & "-" & J7 -> Backstroke-Men | L7: =_xlfn.MAXIFS('[1]World Record_100 of strokes'!$D$2:$D$201, '[1]World Record_100 of strokes'!$H$2:$H$201, K7,'[1]World Record_100 of strokes'!$D$2:$D$201, "<=" & D7) -> 2022 | M7: =L7 & "-" & K7 -> 2022-Backstroke-Men | N7: =_xlfn.XLOOKUP(M7,'[1]World Record_100 of strokes'!$I$2:$I$201,'[1]World Record_100 of strokes'!$B$2:$B$201, "Not Found") -> Thomas Ceccon | O7: =_xlfn.XLOOKUP(M7,'[1]World Record_100 of strokes'!$I$2:$I$201,'[1]World Record_100 of strokes'!$A$2:$A$201, "Not Found") -> 51.6 | P7: =IF(O7="Not Found", "", A7 - O7) -> 1.13 | Q7: =IF(P7<=0,1,0) -> 0
A8: 52.77 | B8: Yohann Ndoye-Brouard | C8: FRA | D8: 2024 | E8: Paris | F8: 7 | G8: recent | H8: 100 | I8: Backstroke | J8: Men | K8: =I8 & "-" & J8 -> Backstroke-Men | L8: =_xlfn.MAXIFS('[1]World Record_100 of strokes'!$D$2:$D$201, '[1]World Record_100 of strokes'!$H$2:$H$201, K8,'[1]World Record_100 of strokes'!$D$2:$D$201, "<=" & D8) -> 2022 | M8: =L8 & "-" & K8 -> 2022-Backstroke-Men | N8: =_xlfn.XLOOKUP(M8,'[1]World Record_100 of strokes'!$I$2:$I$201,'[1]World Record_100 of strokes'!$B$2:$B$201, "Not Found") -> Thomas Ceccon | O8: =_xlfn.XLOOKUP(M8,'[1]World Record_100 of strokes'!$I$2:$I$201,'[1]World Record_100 of strokes'!$A$2:$A$201, "Not Found") -> 51.6 | P8: =IF(O8="Not Found", "", A8 - O8) -> 1.17 | Q8: =IF(P8<=0,1,0) -> 0
A9: 52.84 | B9: Oliver Morgan | C9: GBR | D9: 2024 | E9: Paris | F9: 8 | G9: recent | H9: 100 | I9: Backstroke | J9: Men | K9: =I9 & "-" & J9 -> Backstroke-Men | L9: =_xlfn.MAXIFS('[1]World Record_100 of strokes'!$D$2:$D$201, '[1]World Record_100 of strokes'!$H$2:$H$201, K9,'[1]World Record_100 of strokes'!$D$2:$D$201, "<=" & D9) -> 2022 | M9: =L9 & "-" & K9 -> 2022-Backstroke-Men | N9: =_xlfn.XLOOKUP(M9,'[1]World Record_100 of strokes'!$I$2:$I$201,'[1]World Record_100 of strokes'!$B$2:$B$201, "Not Found") -> Thomas Ceccon | O9: =_xlfn.XLOOKUP(M9,'[1]World Record_100 of strokes'!$I$2:$I$201,'[1]World Record_100 of strokes'!$A$2:$A$201, "Not Found") -> 51.6 | P9: =IF(O9="Not Found", "", A9 - O9) -> 1.24 | Q9: =IF(P9<=0,1,0) -> 0
A10: 57.33 | B10: Kaylee Mckeown | C10: AUS | D10: 2024 | E10: Paris | F10: 1 | G10: recent | H10: 100 | I10: Backstroke | J10: Women | K10: =I10 & "-" & J10 -> Backstroke-Women | L10: =_xlfn.MAXIFS('[1]World Record_100 of strokes'!$D$2:$D$201, '[1]World Record_100 of strokes'!$H$2:$H$201, K10,'[1]World Record_100 of strokes'!$D$2:$D$201, "<=" & D10) -> 2024 | M10: =L10 & "-" & K10 -> 2024-Backstroke-Women | N10: =_xlfn.XLOOKUP(M10,'[1]World Record_100 of strokes'!$I$2:$I$201,'[1]World Record_100 of strokes'!$B$2:$B$201, "Not Found") -> Regan Smith | O10: =_xlfn.XLOOKUP(M10,'[1]World Record_100 of strokes'!$I$2:$I$201,'[1]World Record_100 of strokes'!$A$2:$A$201, "Not Found") -> 57.13 | P10: =IF(O10="Not Found", "", A10 - O10) -> 0.2 | Q10: =IF(P10<=0,1,0) -> 0
A11: 57.66 | B11: Regan Smith | C11: USA | D11: 2024 | E11: Paris | F11: 2 | G11: recent | H11: 100 | I11: Backstroke | J11: Women | K11: =I11 & "-" & J11 -> Backstroke-Women | L11: =_xlfn.MAXIFS('[1]World Record_100 of strokes'!$D$2:$D$201, '[1]World Record_100 of strokes'!$H$2:$H$201, K11,'[1]World Record_100 of strokes'!$D$2:$D$201, "<=" & D11) -> 2024 | M11: =L11 & "-" & K11 -> 2024-Backstroke-Women | N11: =_xlfn.XLOOKUP(M11,'[1]World Record_100 of strokes'!$I$2:$I$201,'[1]World Record_100 of strokes'!$B$2:$B$201, "Not Found") -> Regan Smith | O11: =_xlfn.XLOOKUP(M11,'[1]World Record_100 of strokes'!$I$2:$I$201,'[1]World Record_100 of strokes'!$A$2:$A$201, "Not Found") -> 57.13 | P11: =IF(O11="Not Found", "", A11 - O11) -> 0.53 | Q11: =IF(P11<=0,1,0) -> 0
A12: 57.98 | B12: Katharine Berkoff | C12: USA | D12: 2024 | E12: Paris | F12: 3 | G12: recent | H12: 100 | I12: Backstroke | J12: Women | K12: =I12 & "-" & J12 -> Backstroke-Women | L12: =_xlfn.MAXIFS('[1]World Record_100 of strokes'!$D$2:$D$201, '[1]World Record_100 of strokes'!$H$2:$H$201, K12,'[1]World Record_100 of strokes'!$D$2:$D$201, "<=" & D12) -> 2024 | M12: =L12 & "-" & K12 -> 2024-Backstroke-Women | N12: =_xlfn.XLOOKUP(M12,'[1]World Record_100 of strokes'!$I$2:$I$201,'[1]World Record_100 of strokes'!$B$2:$B$201, "Not Found") -> Regan Smith | O12: =_xlfn.XLOOKUP(M12,'[1]World Record_100 of strokes'!$I$2:$I$201,'[1]World Record_100 of strokes'!$A$2:$A$201, "Not Found") -> 57.13 | P12: =IF(O12="Not Found", "", A12 - O12) -> 0.85 | Q12: =IF(P12<=0,1,0) -> 0
A13: 58.29 | B13: Kylie Masse | C13: CAN | D13: 2024 | E13: Paris | F13: 4 | G13: recent | H13: 100 | I13: Backstroke | J13: Women | K13: =I13 & "-" & J13 -> Backstroke-Women | L13: =_xlfn.MAXIFS('[1]World Record_100 of strokes'!$D$2:$D$201, '[1]World Record_100 of strokes'!$H$2:$H$201, K13,'[1]World Record_100 of strokes'!$D$2:$D$201, "<=" & D13) -> 2024 | M13: =L13 & "-" & K13 -> 2024-Backstroke-Women | N13: =_xlfn.XLOOKUP(M13,'[1]World Record_100 of strokes'!$I$2:$I$201,'[1]World Record_100 of strokes'!$B$2:$B$201, "Not Found") -> Regan Smith | O13: =_xlfn.XLOOKUP(M13,'[1]World Record_100 of strokes'!$I$2:$I$201,'[1]World Record_100 of strokes'!$A$2:$A$201, "Not Found") -> 57.13 | P13: =IF(O13="Not Found", "", A13 - O13) -> 1.16 | Q13: =IF(P13<=0,1,0) -> 0
... A614: 53.9 | B614: Zachary Zorn | C614: USA | D614: 1968 | E614: Mexico City | F614: 8 | G614: early | H614: 100 | I614: Freestyle | J614: Men | K614: =I614 & "-" & J614 -> Freestyle-Men | L614: =_xlfn.MAXIFS('[1]World Record_100 of strokes'!$D$2:$D$201, '[1]World Record_100 of strokes'!$H$2:$H$201, K614,'[1]World Record_100 of strokes'!$D$2:$D$201, "<=" & D614) -> 0 | M614: =L614 & "-" & K614 -> 0-Freestyle-Men | N614: =_xlfn.XLOOKUP(M614,'[1]World Record_100 of strokes'!$I$2:$I$201,'[1]World Record_100 of strokes'!$B$2:$B$201, "Not Found") -> Not Found | O614: =_xlfn.XLOOKUP(M614,'[1]World Record_100 of strokes'!$I$2:$I$201,'[1]World Record_100 of strokes'!$A$2:$A$201, "Not Found") -> Not Found | P614: =IF(O614="Not Found", "", A614 - O614) | Q614: =IF(P614<=0,1,0) -> 0

Sheet Statistics of the data.
A1: Location | B1: Year_OLY | C1: Average Time Difference | H1: Count of WR beaters | I1: Total Olympic Results | J1: Percentage of WR beaters
A2: Paris | B2: 2024 | C2: =AVERAGEIF('Olympic Swimming (100s stroke)'!D2:D614,'Statistics of the data.'!B2,'Olympic Swimming (100s stroke)'!P2:P614) -> 1.3095312 | H2: =SUM('Olympic Swimming (100s stroke)'!Q2:Q591) -> 32 | I2: =COUNTA('Olympic Swimming (100s stroke)'!P2:P591) - COUNTIF('Olympic Swimming (100s stroke)'!P2:P591, "") -> 590 | J2: =H2/I2 -> 0.054237288
A3: Tokyo | B3: 2020 | C3: =AVERAGEIF('Olympic Swimming (100s stroke)'!D3:D615,'Statistics of the data.'!B3,'Olympic Swimming (100s stroke)'!P3:P615) -> 0.93946429
A4: Rio | B4: 2016 | C4: =AVERAGEIF('Olympic Swimming (100s stroke)'!D4:D616,'Statistics of the data.'!B4,'Olympic Swimming (100s stroke)'!P4:P616) -> 0.97872727
A5: London | B5: 2012 | C5: =AVERAGEIF('Olympic Swimming (100s stroke)'!D5:D617,'Statistics of the data.'!B5,'Olympic Swimming (100s stroke)'!P5:P617) -> 0.925
A6: Beijing | B6: 2008 | C6: =AVERAGEIF('Olympic Swimming (100s stroke)'!D6:D618,'Statistics of the data.'!B6,'Olympic Swimming (100s stroke)'!P6:P618) -> 0.58673077
A7: Athens | B7: 2004 | C7: =AVERAGEIF('Olympic Swimming (100s stroke)'!D7:D619,'Statistics of the data.'!B7,'Olympic Swimming (100s stroke)'!P7:P619) -> 1.13675
A8: Sydney | B8: 2000 | C8: =AVERAGEIF('Olympic Swimming (100s stroke)'!D8:D620,'Statistics of the data.'!B8,'Olympic Swimming (100s stroke)'!P8:P620) -> 1.05275
A9: Atlanta | B9: 1996 | C9: =AVERAGEIF('Olympic Swimming (100s stroke)'!D9:D621,'Statistics of the data.'!B9,'Olympic Swimming (100s stroke)'!P9:P621) -> 1.1554286
A10: Barcelona | B10: 1992 | C10: =AVERAGEIF('Olympic Swimming (100s stroke)'!D10:D622,'Statistics of the data.'!B10,'Olympic Swimming (100s stroke)'!P10:P622) -> 1.1210526
A11: Seoul | B11: 1988 | C11: =AVERAGEIF('Olympic Swimming (100s stroke)'!D11:D623,'Statistics of the data.'!B11,'Olympic Swimming (100s stroke)'!P11:P623) -> 0.98388889
A12: Angeles | B12: 1984 | C12: =AVERAGEIF('Olympic Swimming (100s stroke)'!D12:D624,'Statistics of the data.'!B12,'Olympic Swimming (100s stroke)'!P12:P624) -> 1.279697
A13: Moscow | B13: 1980 | C13: =AVERAGEIF('Olympic Swimming (100s stroke)'!D13:D625,'Statistics of the data.'!B13,'Olympic Swimming (100s stroke)'!P13:P625) -> 1.3634375
A14: Montreal | B14: 1976 | C14: =AVERAGEIF('Olympic Swimming (100s stroke)'!D14:D626,'Statistics of the data.'!B14,'Olympic Swimming (100s stroke)'!P14:P626) -> 0.9178125
A15: Munich | B15: 1972 | C15: =AVERAGEIF('Olympic Swimming (100s stroke)'!D15:D627,'Statistics of the data.'!B15,'Olympic Swimming (100s stroke)'!P15:P627) -> 1.5752174
